dataset,threshold,w_text,w_phonetic,w_vector,precision,recall,f1,top1_accuracy,predicted,correct,truth_pairs
Amazon-Google,0.3,0.5,0.2,0.3,0.5335,0.5577,0.5453,0.6514,1359,725,1300
Amazon-Google,0.35,0.5,0.2,0.3,0.5356,0.5562,0.5457,0.6514,1350,723,1300
Amazon-Google,0.4,0.5,0.2,0.3,0.5376,0.55,0.5437,0.6514,1330,715,1300
Amazon-Google,0.45,0.5,0.2,0.3,0.5394,0.5377,0.5385,0.6514,1296,699,1300
Amazon-Google,0.5,0.5,0.2,0.3,0.547,0.5277,0.5372,0.6514,1254,686,1300
Amazon-Google,0.55,0.5,0.2,0.3,0.5597,0.5085,0.5328,0.6514,1181,661,1300
Amazon-Google,0.6,0.5,0.2,0.3,0.5843,0.4854,0.5303,0.6514,1080,631,1300
Amazon-Google,0.65,0.5,0.2,0.3,0.6122,0.4323,0.5068,0.6514,918,562,1300
Amazon-Google,0.7,0.5,0.2,0.3,0.6568,0.3915,0.4906,0.6514,775,509,1300
Amazon-Google,0.3,0.6,0.1,0.3,0.5642,0.5915,0.5775,0.6909,1363,769,1300
Amazon-Google,0.35,0.6,0.1,0.3,0.5663,0.5915,0.5786,0.6909,1358,769,1300
Amazon-Google,0.4,0.6,0.1,0.3,0.5682,0.5892,0.5785,0.6909,1348,766,1300
Amazon-Google,0.45,0.6,0.1,0.3,0.5719,0.5815,0.5767,0.6909,1322,756,1300
Amazon-Google,0.5,0.6,0.1,0.3,0.5799,0.5638,0.5718,0.6909,1264,733,1300
Amazon-Google,0.55,0.6,0.1,0.3,0.5945,0.5446,0.5684,0.6909,1191,708,1300
Amazon-Google,0.6,0.6,0.1,0.3,0.6183,0.5046,0.5557,0.6909,1061,656,1300
Amazon-Google,0.65,0.6,0.1,0.3,0.6445,0.4546,0.5332,0.6909,917,591,1300
Amazon-Google,0.7,0.6,0.1,0.3,0.6517,0.38,0.4801,0.6909,758,494,1300
Amazon-Google,0.3,0.4,0.1,0.5,0.5849,0.6123,0.5983,0.7152,1361,796,1300
Amazon-Google,0.35,0.4,0.1,0.5,0.588,0.6115,0.5995,0.7152,1352,795,1300
Amazon-Google,0.4,0.4,0.1,0.5,0.5903,0.6085,0.5992,0.7152,1340,791,1300
Amazon-Google,0.45,0.4,0.1,0.5,0.5989,0.6031,0.601,0.7152,1309,784,1300
Amazon-Google,0.5,0.4,0.1,0.5,0.6065,0.5846,0.5954,0.7152,1253,760,1300
Amazon-Google,0.55,0.4,0.1,0.5,0.6207,0.5577,0.5875,0.7152,1168,725,1300
Amazon-Google,0.6,0.4,0.1,0.5,0.6424,0.5169,0.5729,0.7152,1046,672,1300
Amazon-Google,0.65,0.4,0.1,0.5,0.6645,0.4662,0.5479,0.7152,912,606,1300
Amazon-Google,0.7,0.4,0.1,0.5,0.6791,0.4054,0.5077,0.7152,776,527,1300
Amazon-Google,0.3,0.34,0.33,0.33,0.5186,0.5354,0.5269,0.6298,1342,696,1300
Amazon-Google,0.35,0.34,0.33,0.33,0.5213,0.5269,0.5241,0.6298,1314,685,1300
Amazon-Google,0.4,0.34,0.33,0.33,0.5207,0.5138,0.5172,0.6298,1283,668,1300
Amazon-Google,0.45,0.34,0.33,0.33,0.52,0.5,0.5098,0.6298,1250,650,1300
Amazon-Google,0.5,0.34,0.33,0.33,0.5198,0.4846,0.5016,0.6298,1212,630,1300
Amazon-Google,0.55,0.34,0.33,0.33,0.5217,0.4708,0.4949,0.6298,1173,612,1300
Amazon-Google,0.6,0.34,0.33,0.33,0.5508,0.4669,0.5054,0.6298,1102,607,1300
Amazon-Google,0.65,0.34,0.33,0.33,0.5916,0.4569,0.5156,0.6298,1004,594,1300
Amazon-Google,0.7,0.34,0.33,0.33,0.6338,0.4246,0.5085,0.6298,871,552,1300
Amazon-Google,0.3,0.7,0.0,0.3,0.562,0.5892,0.5753,0.6882,1363,766,1300
Amazon-Google,0.35,0.7,0.0,0.3,0.562,0.5892,0.5753,0.6882,1363,766,1300
Amazon-Google,0.4,0.7,0.0,0.3,0.5642,0.5885,0.5761,0.6882,1356,765,1300
Amazon-Google,0.45,0.7,0.0,0.3,0.5688,0.5854,0.577,0.6882,1338,761,1300
Amazon-Google,0.5,0.7,0.0,0.3,0.5792,0.5738,0.5765,0.6882,1288,746,1300
Amazon-Google,0.55,0.7,0.0,0.3,0.5928,0.5431,0.5668,0.6882,1191,706,1300
Amazon-Google,0.6,0.7,0.0,0.3,0.6157,0.5054,0.5551,0.6882,1067,657,1300
Amazon-Google,0.65,0.7,0.0,0.3,0.6327,0.4531,0.528,0.6882,931,589,1300
Amazon-Google,0.7,0.7,0.0,0.3,0.6518,0.3831,0.4826,0.6882,764,498,1300
Amazon-Google,0.3,0.3,0.0,0.7,0.5993,0.6269,0.6128,0.7323,1360,815,1300
Amazon-Google,0.35,0.3,0.0,0.7,0.6024,0.6269,0.6144,0.7323,1353,815,1300
Amazon-Google,0.4,0.3,0.0,0.7,0.604,0.6231,0.6134,0.7323,1341,810,1300
Amazon-Google,0.45,0.3,0.0,0.7,0.6144,0.6177,0.616,0.7323,1307,803,1300
Amazon-Google,0.5,0.3,0.0,0.7,0.622,0.6,0.6108,0.7323,1254,780,1300
Amazon-Google,0.55,0.3,0.0,0.7,0.6308,0.5638,0.5955,0.7323,1162,733,1300
Amazon-Google,0.6,0.3,0.0,0.7,0.6443,0.5238,0.5779,0.7323,1057,681,1300
Amazon-Google,0.65,0.3,0.0,0.7,0.6631,0.4815,0.5579,0.7323,944,626,1300
Amazon-Google,0.7,0.3,0.0,0.7,0.6847,0.4177,0.5189,0.7323,793,543,1300
Amazon-Google,0.3,1.0,0.0,0.0,0.496,0.52,0.5077,0.6074,1363,676,1300
Amazon-Google,0.35,1.0,0.0,0.0,0.496,0.52,0.5077,0.6074,1363,676,1300
Amazon-Google,0.4,1.0,0.0,0.0,0.496,0.52,0.5077,0.6074,1363,676,1300
Amazon-Google,0.45,1.0,0.0,0.0,0.496,0.5192,0.5073,0.6074,1361,675,1300
Amazon-Google,0.5,1.0,0.0,0.0,0.503,0.5185,0.5106,0.6074,1340,674,1300
Amazon-Google,0.55,1.0,0.0,0.0,0.5174,0.5023,0.5098,0.6074,1262,653,1300
Amazon-Google,0.6,1.0,0.0,0.0,0.5508,0.4754,0.5103,0.6074,1122,618,1300
Amazon-Google,0.65,1.0,0.0,0.0,0.5887,0.4262,0.4944,0.6074,941,554,1300
Amazon-Google,0.7,1.0,0.0,0.0,0.6164,0.3646,0.4582,0.6074,769,474,1300
Amazon-Google,0.3,0.0,0.0,1.0,0.6027,0.6277,0.6149,0.7332,1354,816,1300
Amazon-Google,0.35,0.0,0.0,1.0,0.6037,0.6269,0.6151,0.7332,1350,815,1300
Amazon-Google,0.4,0.0,0.0,1.0,0.6083,0.6223,0.6152,0.7332,1330,809,1300
Amazon-Google,0.45,0.0,0.0,1.0,0.6175,0.6146,0.616,0.7332,1294,799,1300
Amazon-Google,0.5,0.0,0.0,1.0,0.6255,0.5923,0.6085,0.7332,1231,770,1300
Amazon-Google,0.55,0.0,0.0,1.0,0.6301,0.5608,0.5934,0.7332,1157,729,1300
Amazon-Google,0.6,0.0,0.0,1.0,0.6414,0.5215,0.5753,0.7332,1057,678,1300
Amazon-Google,0.65,0.0,0.0,1.0,0.6518,0.4823,0.5544,0.7332,962,627,1300
Amazon-Google,0.7,0.0,0.0,1.0,0.6755,0.4292,0.5249,0.7332,826,558,1300
Abt-Buy,0.3,0.5,0.2,0.3,0.7909,0.7794,0.7851,0.7909,1081,855,1097
Abt-Buy,0.35,0.5,0.2,0.3,0.7909,0.7794,0.7851,0.7909,1081,855,1097
Abt-Buy,0.4,0.5,0.2,0.3,0.7905,0.7776,0.784,0.7909,1079,853,1097
Abt-Buy,0.45,0.5,0.2,0.3,0.7902,0.7758,0.7829,0.7909,1077,851,1097
Abt-Buy,0.5,0.5,0.2,0.3,0.7938,0.7721,0.7828,0.7909,1067,847,1097
Abt-Buy,0.55,0.5,0.2,0.3,0.7955,0.7657,0.7803,0.7909,1056,840,1097
Abt-Buy,0.6,0.5,0.2,0.3,0.8024,0.7438,0.772,0.7909,1017,816,1097
Abt-Buy,0.65,0.5,0.2,0.3,0.8179,0.6837,0.7448,0.7909,917,750,1097
Abt-Buy,0.7,0.5,0.2,0.3,0.8409,0.5734,0.6818,0.7909,748,629,1097
Abt-Buy,0.3,0.6,0.1,0.3,0.7882,0.7767,0.7824,0.7882,1081,852,1097
Abt-Buy,0.35,0.6,0.1,0.3,0.7882,0.7767,0.7824,0.7882,1081,852,1097
Abt-Buy,0.4,0.6,0.1,0.3,0.7882,0.7767,0.7824,0.7882,1081,852,1097
Abt-Buy,0.45,0.6,0.1,0.3,0.7883,0.7739,0.781,0.7882,1077,849,1097
Abt-Buy,0.5,0.6,0.1,0.3,0.7906,0.7675,0.7789,0.7882,1065,842,1097
Abt-Buy,0.55,0.6,0.1,0.3,0.7926,0.7457,0.7684,0.7882,1032,818,1097
Abt-Buy,0.6,0.6,0.1,0.3,0.8056,0.7028,0.7507,0.7882,957,771,1097
Abt-Buy,0.65,0.6,0.1,0.3,0.8235,0.608,0.6995,0.7882,810,667,1097
Abt-Buy,0.7,0.6,0.1,0.3,0.8646,0.4831,0.6199,0.7882,613,530,1097
Abt-Buy,0.3,0.4,0.1,0.5,0.8196,0.8077,0.8136,0.8196,1081,886,1097
Abt-Buy,0.35,0.4,0.1,0.5,0.8196,0.8077,0.8136,0.8196,1081,886,1097
Abt-Buy,0.4,0.4,0.1,0.5,0.8196,0.8077,0.8136,0.8196,1081,886,1097
Abt-Buy,0.45,0.4,0.1,0.5,0.8211,0.8031,0.812,0.8196,1073,881,1097
Abt-Buy,0.5,0.4,0.1,0.5,0.8245,0.7922,0.808,0.8196,1054,869,1097
Abt-Buy,0.55,0.4,0.1,0.5,0.8342,0.7703,0.8009,0.8196,1013,845,1097
Abt-Buy,0.6,0.4,0.1,0.5,0.8498,0.722,0.7807,0.8196,932,792,1097
Abt-Buy,0.65,0.4,0.1,0.5,0.8647,0.629,0.7282,0.8196,798,690,1097
Abt-Buy,0.7,0.4,0.1,0.5,0.8982,0.4986,0.6413,0.8196,609,547,1097
Abt-Buy,0.3,0.34,0.33,0.33,0.7993,0.7876,0.7934,0.7993,1081,864,1097
Abt-Buy,0.35,0.34,0.33,0.33,0.7989,0.7858,0.7923,0.7993,1079,862,1097
Abt-Buy,0.4,0.34,0.33,0.33,0.7981,0.7821,0.7901,0.7993,1075,858,1097
Abt-Buy,0.45,0.34,0.33,0.33,0.798,0.7812,0.7895,0.7993,1074,857,1097
Abt-Buy,0.5,0.34,0.33,0.33,0.7979,0.7776,0.7876,0.7993,1069,853,1097
Abt-Buy,0.55,0.34,0.33,0.33,0.8013,0.7758,0.7883,0.7993,1062,851,1097
Abt-Buy,0.6,0.34,0.33,0.33,0.8053,0.7694,0.7869,0.7993,1048,844,1097
Abt-Buy,0.65,0.34,0.33,0.33,0.8143,0.7593,0.7858,0.7993,1023,833,1097
Abt-Buy,0.7,0.34,0.33,0.33,0.8351,0.7065,0.7654,0.7993,928,775,1097
Abt-Buy,0.3,0.7,0.0,0.3,0.7789,0.7675,0.7732,0.7789,1081,842,1097
Abt-Buy,0.35,0.7,0.0,0.3,0.7789,0.7675,0.7732,0.7789,1081,842,1097
Abt-Buy,0.4,0.7,0.0,0.3,0.7787,0.7666,0.7726,0.7789,1080,841,1097
Abt-Buy,0.45,0.7,0.0,0.3,0.7814,0.7657,0.7735,0.7789,1075,840,1097
Abt-Buy,0.5,0.7,0.0,0.3,0.7861,0.7502,0.7677,0.7789,1047,823,1097
Abt-Buy,0.55,0.7,0.0,0.3,0.7973,0.7101,0.7512,0.7789,977,779,1097
Abt-Buy,0.6,0.7,0.0,0.3,0.8042,0.6253,0.7036,0.7789,853,686,1097
Abt-Buy,0.65,0.7,0.0,0.3,0.8395,0.5387,0.6563,0.7789,704,591,1097
Abt-Buy,0.7,0.7,0.0,0.3,0.8788,0.3965,0.5465,0.7789,495,435,1097
Abt-Buy,0.3,0.3,0.0,0.7,0.8353,0.8232,0.8292,0.8353,1081,903,1097
Abt-Buy,0.35,0.3,0.0,0.7,0.8361,0.8232,0.8296,0.8353,1080,903,1097
Abt-Buy,0.4,0.3,0.0,0.7,0.8371,0.8195,0.8282,0.8353,1074,899,1097
Abt-Buy,0.45,0.3,0.0,0.7,0.8422,0.8077,0.8246,0.8353,1052,886,1097
Abt-Buy,0.5,0.3,0.0,0.7,0.8463,0.783,0.8134,0.8353,1015,859,1097
Abt-Buy,0.55,0.3,0.0,0.7,0.8586,0.742,0.7961,0.8353,948,814,1097
Abt-Buy,0.6,0.3,0.0,0.7,0.8727,0.6627,0.7534,0.8353,833,727,1097
Abt-Buy,0.65,0.3,0.0,0.7,0.8981,0.546,0.6791,0.8353,667,599,1097
Abt-Buy,0.7,0.3,0.0,0.7,0.9379,0.4266,0.5865,0.8353,499,468,1097
Abt-Buy,0.3,1.0,0.0,0.0,0.6642,0.6545,0.6593,0.6642,1081,718,1097
Abt-Buy,0.35,1.0,0.0,0.0,0.6642,0.6545,0.6593,0.6642,1081,718,1097
Abt-Buy,0.4,1.0,0.0,0.0,0.6642,0.6545,0.6593,0.6642,1081,718,1097
Abt-Buy,0.45,1.0,0.0,0.0,0.6648,0.6545,0.6596,0.6642,1080,718,1097
Abt-Buy,0.5,1.0,0.0,0.0,0.6676,0.65,0.6587,0.6642,1068,713,1097
Abt-Buy,0.55,1.0,0.0,0.0,0.6749,0.6244,0.6487,0.6642,1015,685,1097
Abt-Buy,0.6,1.0,0.0,0.0,0.6921,0.5716,0.6261,0.6642,906,627,1097
Abt-Buy,0.65,1.0,0.0,0.0,0.7293,0.4886,0.5852,0.6642,735,536,1097
Abt-Buy,0.7,1.0,0.0,0.0,0.767,0.381,0.5091,0.6642,545,418,1097
Abt-Buy,0.3,0.0,0.0,1.0,0.8519,0.8387,0.8452,0.8511,1080,920,1097
Abt-Buy,0.35,0.0,0.0,1.0,0.8514,0.8359,0.8436,0.8511,1077,917,1097
Abt-Buy,0.4,0.0,0.0,1.0,0.8561,0.8295,0.8426,0.8511,1063,910,1097
Abt-Buy,0.45,0.0,0.0,1.0,0.8592,0.8122,0.8351,0.8511,1037,891,1097
Abt-Buy,0.5,0.0,0.0,1.0,0.8672,0.7858,0.8245,0.8511,994,862,1097
Abt-Buy,0.55,0.0,0.0,1.0,0.8762,0.7356,0.7998,0.8511,921,807,1097
Abt-Buy,0.6,0.0,0.0,1.0,0.89,0.649,0.7507,0.8511,800,712,1097
Abt-Buy,0.65,0.0,0.0,1.0,0.9147,0.567,0.7001,0.8511,680,622,1097
Abt-Buy,0.7,0.0,0.0,1.0,0.947,0.4558,0.6154,0.8511,528,500,1097
